Product Name,Price,Image,AverageRating
"Redmi 9 (Sky Blue, 4GB RAM, 64GB Storage)","8,999",https://images-na.ssl-images-amazon.com/images/G/31/img20/Wireless/MobileInsider/June/10th/420x420_5._CB429051440_QL95_SY80_.jpg,4.0 out of 5 stars
"Samsung Galaxy M01 (Black, 3GB RAM, 32GB Storage) with No Cost EMI/Additional Exchange Offers","7,499",https://m.media-amazon.com/images/I/71uZrDPrsRL._AC_UY218_.jpg,3.9 out of 5 stars
"Samsung Galaxy M31 (Ocean Blue, 6GB RAM, 128GB Storage)","16,499",https://m.media-amazon.com/images/I/81onqHVeECL._AC_UY218_.jpg,4.2 out of 5 stars
"Samsung Galaxy M01 Core (Black, 2GB RAM, 32GB Storage) with No Cost EMI/Additional Exchange Offers","5,999",https://m.media-amazon.com/images/I/71-Su4Wr0HL._AC_UY218_.jpg,3.4 out of 5 stars
"Samsung Galaxy M01 (Blue, 3GB RAM, 32GB Storage) with No Cost EMI/Additional Exchange Offers","7,499",https://m.media-amazon.com/images/I/71AYb2AGHXL._AC_UY218_.jpg,3.9 out of 5 stars
"Samsung Galaxy M21 (Midnight Blue, 4GB RAM, 64GB Storage)","13,999",https://m.media-amazon.com/images/I/81o1rDu5FZL._AC_UY218_.jpg,4.2 out of 5 stars
"Redmi 9A (Nature Green, 2GB Ram, 32GB Storage)","6,999",https://m.media-amazon.com/images/I/71dujTTJDZL._AC_UY218_.jpg,4.1 out of 5 stars
"Redmi 9A (Midnight Black, 3GB Ram, 32GB Storage)","7,499",https://m.media-amazon.com/images/I/710fuhtgISL._AC_UY218_.jpg,4.1 out of 5 stars
"Redmi Note 9 Pro (Interstellar Black, 4GB RAM, 64GB Storage)- Latest 8nm Snapdragon 720G & Alexa Hands-Free | Upto 6 Months No Cost EMI","12,999",https://m.media-amazon.com/images/I/712Ex7xDndL._AC_UY218_.jpg,4.2 out of 5 stars
"Redmi 8A Dual (Sky White, 3GB RAM, 64GB Storage) – Dual Cameras & 5,000 mAH Battery","7,999",https://m.media-amazon.com/images/I/91Lr-OxVKjL._AC_UY218_.jpg,4.0 out of 5 stars
"Panasonic Eluga i7 (2GB RAM, 16GB Storage, Finger Print Sensor, 4000mAh Battery) (Black)","5,000",https://m.media-amazon.com/images/I/710p2f-zAdL._AC_UY218_.jpg,2.9 out of 5 stars
"Redmi Note 9 (Pebble Grey, 4GB RAM 64GB Storage) - 48MP Quad Camera & Full HD+ Display","11,999",https://m.media-amazon.com/images/I/41QsvcpKaZL._AC_UY218_.jpg,4.2 out of 5 stars
"Redmi 9A (Sea Blue, 2GB Ram, 32GB Storage)","6,999",https://m.media-amazon.com/images/I/81mtDLql+XL._AC_UY218_.jpg,4.1 out of 5 stars
"Samsung Galaxy M01 Core (Blue, 2GB RAM, 32GB Storage) with No Cost EMI/Additional Exchange Offers","5,999",https://m.media-amazon.com/images/I/71sxX9aLtnL._AC_UY218_.jpg,3.4 out of 5 stars
"Redmi 8A Dual (Sea Blue, 3GB RAM, 32GB Storage) – Dual Cameras & 5,000 mAH Battery","7,999",https://m.media-amazon.com/images/I/71ahT-X2FgL._AC_UY218_.jpg,4.0 out of 5 stars
"Samsung Galaxy M01 Core (Black, 1GB RAM, 16GB Storage) with No Cost EMI/Additional Exchange Offers","4,999",https://m.media-amazon.com/images/I/71yXShgxvpL._AC_UY218_.jpg,3.4 out of 5 stars
