Book Name,Author Name,Genres,Book review
"Hades, Argentina",Daniel Loedel,Fiction / Literary Fiction,"As Tomás reenters the world of Argentina’s dirty war, time blurs, and the surreal blends with reality. As he relives trauma and torture, readers experience it with him, seeing a slice of history that is rarely talked about and feeling immersed in the ways that love, guilt and regret drive so many..."
Outlawed,Anna North,Fiction / Dystopian Fiction / Western,"This ain’t no Louis L’Amour tale of the Wild West. Outlawed, the third novel by Anna North, is a gender-bending, genre-hopping yarn that’s part frontier novel, part Handmaid’s Tale and all ripsnorting fun."
"Outside, Inside",LeUyen Pham,Children's / Children's Picture Book,"LeUyen Pham’s Outside, Inside addresses the subject of the COVID-19 pandemic for young readers with sensitivity and compassion."
The Push,Ashley Audrain,Fiction / Family Drama,"It’s easy to think of intimate, single-POV novels as somewhat simple narrative exercises, but Ashley Audrain’s gripping debut is proof that this is an illusion. In the hands of the right storyteller, even the most compact novels can be works of great complexity."
I Dream of Popo,"Livia Blackburne, Julia Kuo",Children's / Children's Picture Book,"A young girl stays in touch with her beloved grandmother, Popo, when her family moves to the United States from Taiwan in this exuberant picture book."
