Period ,Short_description,Temperature,Description
Today,Today,High: 65 °F,"Mostly sunny, with a high near 65. West northwest wind 5 to 7 mph. "
Tonight,Tonight,Low: 50 °F,"Partly cloudy, with a low around 50. Light north northwest wind. "
Saturday,Saturday,High: 65 °F,"Mostly sunny, with a high near 65. Calm wind becoming west around 5 mph in the afternoon. "
SaturdayNight,SaturdayNight,Low: 50 °F,"Mostly clear, with a low around 50. Light and variable wind. "
Sunday,Sunday,High: 67 °F,"Sunny, with a high near 67. Calm wind becoming west around 5 mph in the afternoon. "
SundayNight,SundayNight,Low: 51 °F,"Mostly clear, with a low around 51."
M.L.KingDay,M.L.KingDay,High: 72 °F,"Sunny, with a high near 72."
MondayNight,MondayNight,Low: 52 °F,"Clear, with a low around 52."
Tuesday,Tuesday,High: 67 °F,"Sunny, with a high near 67."
